{
  "Vibe": {
    "role": 60,
    "levelScore": 138.46153846153848,
    "donationScore": 69.92629875966205,
    "trusted": 150,
    "trophies": 338.0,
    "bestTrophies": 598.3964480462754,
    "wins": 740.1383032551863,
    "commons": 250.4262624488596,
    "rares": 181.01933598375618,
    "epics": 683.4380053350574,
    "legendaries": 45.67479986469165
  },
  "Hanran\u00ae\u2122": {
    "role": 30,
    "levelScore": 138.46153846153848,
    "donationScore": 70.9149739349272,
    "trusted": 150,
    "trophies": 266.0,
    "bestTrophies": 441.258519679012,
    "wins": 385.7562366357805,
    "commons": 256.59414567197234,
    "rares": 181.01933598375618,
    "epics": 362.03867196751236,
    "legendaries": 47.09275155086697
  },
  "abzz": {
    "role": 30,
    "levelScore": 126.92307692307692,
    "donationScore": 57.657738630235485,
    "trusted": 150,
    "trophies": 230.66666666666669,
    "bestTrophies": 379.9882032363967,
    "wins": 380.9718799368088,
    "commons": 92.35026220670738,
    "rares": 29.34412938254948,
    "epics": 114.03503592196341,
    "legendaries": 20.00720840553147
  },
  "Rhett": {
    "role": 30,
    "levelScore": 138.46153846153848,
    "donationScore": 32.1319431961172,
    "trusted": 150,
    "trophies": 214.33333333333334,
    "bestTrophies": 354.616176965669,
    "wins": 734.880606752569,
    "commons": 327.27698100311943,
    "rares": 271.2225521559797,
    "epics": 861.0779292198037,
    "legendaries": 98.08712012562883
  },
  "Naresh": {
    "role": 10,
    "levelScore": 126.92307692307692,
    "donationScore": 9.976631314039187,
    "trusted": 0,
    "trophies": 212.33333333333334,
    "bestTrophies": 351.6281674247887,
    "wins": 465.0067746686304,
    "commons": 72.40514307141832,
    "rares": 71.83757109179989,
    "epics": 114.03503592196341,
    "legendaries": 35.40230528839183
  },
  "dwaraka": {
    "role": 10,
    "levelScore": 126.92307692307692,
    "donationScore": 7.999280963508899,
    "trusted": 0,
    "trophies": 205.0,
    "bestTrophies": 340.8859286990502,
    "wins": 410.3069955675467,
    "commons": 120.69067642627874,
    "rares": 60.40795601162839,
    "epics": 85.42975066688221,
    "legendaries": 18.253840707299048
  },
  "Tottall": {
    "role": 10,
    "levelScore": 138.46153846153848,
    "donationScore": 51.411109113787525,
    "trusted": 0,
    "trophies": 203.33333333333334,
    "bestTrophies": 338.49064416958066,
    "wins": 546.5509001115182,
    "commons": 211.2086837459878,
    "rares": 191.7833058402152,
    "epics": 861.0779292198037,
    "legendaries": 45.67479986469165
  },
  "Karma": {
    "role": 0,
    "levelScore": 126.92307692307692,
    "donationScore": 23.36868596081251,
    "trusted": 0,
    "trophies": 187.33333333333334,
    "bestTrophies": 316.33524318180457,
    "wins": 491.5273366468663,
    "commons": 153.93679428100586,
    "rares": 78.33942677149795,
    "epics": 215.2694823049509,
    "legendaries": 26.613930561664592
  },
  "kr#sh": {
    "role": 30,
    "levelScore": 126.92307692307692,
    "donationScore": 22.020492539996404,
    "trusted": 150,
    "trophies": 167.0,
    "bestTrophies": 290.2593622289148,
    "wins": 504.4955677501056,
    "commons": 83.78584348472567,
    "rares": 46.580901850950006,
    "epics": 191.7833058402152,
    "legendaries": 21.268718461788573
  },
  "\u0633\u0649\u0641 \u0646\u0648\u0627\u0630": {
    "role": 30,
    "levelScore": 138.46153846153848,
    "donationScore": 43.052309904727665,
    "trusted": 150,
    "trophies": 165.33333333333334,
    "bestTrophies": 288.21981262786795,
    "wins": 560.7009857612268,
    "commons": 161.61295886173792,
    "rares": 67.80563803899489,
    "epics": 341.7190026675287,
    "legendaries": 54.314442729546144
  },
  "Biast Naman": {
    "role": 0,
    "levelScore": 126.92307692307692,
    "donationScore": 36.76074060758584,
    "trusted": 0,
    "trophies": 160.0,
    "bestTrophies": 281.7890643082309,
    "wins": 155.63757358587154,
    "commons": 87.96388244628906,
    "rares": 23.9729132300269,
    "epics": 21.357437666720553,
    "legendaries": 17.347034183148725
  },
  "Creedplay": {
    "role": 10,
    "levelScore": 138.46153846153848,
    "donationScore": 90.41883875606688,
    "trusted": 0,
    "trophies": 157.75,
    "bestTrophies": 278.23502907870306,
    "wins": 602.5564186965108,
    "commons": 343.5968737318135,
    "rares": 186.32360740380003,
    "epics": 542.4451043119594,
    "legendaries": 53.21863353021483
  },
  "Nightmare": {
    "role": 10,
    "levelScore": 126.92307692307692,
    "donationScore": 25.25615674995506,
    "trusted": 0,
    "trophies": 148.5,
    "bestTrophies": 264.08881473764467,
    "wins": 781.471812865497,
    "commons": 146.6252260982699,
    "rares": 143.67514218359977,
    "epics": 430.5389646099018,
    "legendaries": 20.00720840553147
  },
  "Saitama": {
    "role": 30,
    "levelScore": 115.38461538461539,
    "donationScore": 0.0,
    "trusted": 150,
    "trophies": 143.5,
    "bestTrophies": 256.7440494413179,
    "wins": 155.6134163208852,
    "commons": 28.032473510562983,
    "rares": 36.97128629991273,
    "epics": 33.90281901949744,
    "legendaries": 18.509276542382516
  },
  "Lazar": {
    "role": 30,
    "levelScore": 115.38461538461539,
    "donationScore": 39.007729642279344,
    "trusted": 150,
    "trophies": 138.0,
    "bestTrophies": 248.90052003720277,
    "wins": 276.7530695770805,
    "commons": 54.0713180154506,
    "rares": 21.983258359329422,
    "epics": 33.90281901949744,
    "legendaries": 14.513550123980227
  },
  "Nikhil": {
    "role": 0,
    "levelScore": 126.92307692307692,
    "donationScore": 25.52579543411828,
    "trusted": 0,
    "trophies": 136.5,
    "bestTrophies": 246.8032746860037,
    "wins": 25.809854835411983,
    "commons": 52.77157840383279,
    "rares": 43.966516718658845,
    "epics": 35.918785545899944,
    "legendaries": 18.509276542382516
  },
  "DEATH": {
    "role": 0,
    "levelScore": 115.38461538461539,
    "donationScore": 25.795434118281502,
    "trusted": 0,
    "trophies": 134.5,
    "bestTrophies": 244.0344107322143,
    "wins": 250.0629260618773,
    "commons": 53.90711586931063,
    "rares": 14.67206469127474,
    "epics": 47.9458264600538,
    "legendaries": 8.5
  },
  "Skullbash": {
    "role": 10,
    "levelScore": 126.92307692307692,
    "donationScore": 25.480855653424413,
    "trusted": 0,
    "trophies": 127.25,
    "bestTrophies": 234.25513495196702,
    "wins": 287.1674610740387,
    "commons": 196.34107070389345,
    "rares": 98.70149282610821,
    "epics": 271.2225521559797,
    "legendaries": 40.30509624969316
  },
  "JOHN SNOW": {
    "role": 30,
    "levelScore": 126.92307692307692,
    "donationScore": 41.61423692252382,
    "trusted": 150,
    "trophies": 124.5,
    "bestTrophies": 230.64913391446373,
    "wins": 391.79952267303105,
    "commons": 39.40920046572367,
    "rares": 29.34412938254948,
    "epics": 103.65545083522001,
    "legendaries": 10.159457148471075
  },
  "nickatnyte": {
    "role": 0,
    "levelScore": 115.38461538461539,
    "donationScore": 9.437353945712745,
    "trusted": 0,
    "trophies": 116.0,
    "bestTrophies": 219.85050777919943,
    "wins": 199.63914780292941,
    "commons": 28.032473510562983,
    "rares": 11.313708498984761,
    "epics": 16.95140950974872,
    "legendaries": 8.5
  },
  "mihiraman": {
    "role": 30,
    "levelScore": 115.38461538461539,
    "donationScore": 55.23099047276649,
    "trusted": 150,
    "trophies": 116.0,
    "bestTrophies": 219.85050777919943,
    "wins": 150.17060472567078,
    "commons": 136.30383644148654,
    "rares": 90.50966799187809,
    "epics": 120.81591202325679,
    "legendaries": 8.5
  },
  "prime": {
    "role": 0,
    "levelScore": 115.38461538461539,
    "donationScore": 18.335430523099046,
    "trusted": 0,
    "trophies": 111.75,
    "bestTrophies": 214.64229114445797,
    "wins": 209.19371727748688,
    "commons": 96.95537182382975,
    "rares": 101.59366732596479,